UUID;Teste automático;Modo;Tratamento;Tabela (Modbus);Tipo (Modbus);Registrador (Modbus);Tipo (DNP3);Índice (DNP3);Limite inferior;Limite superior;Valor default;Divisor;Unidade pt;Unidade en;Unidade es;Conversăo pt;Conversăo en;Conversăo es;Opcional;Condicional;Nível de acesso;Descriçăo pt;Descriçăo en;Descriçăo es;Display pt;Display en;Display es;Observaçőes;Funcionalidade pt;Funcionalidade en;Funcionalidade es;Grupo pt;Grupo en;Grupo es;Classificaçăo;Gráfico rápido;Histórico de dados;IEC 61850;Link;CDC
9c363158b21f4fcfa9402fe6c2bc7531;1;R;Bit;bin_table_rd_alarms ;Discrete input;0;Binary input;0;0;1;0;1;;;;0=Năo ativo\1=Ativo ;;;;;Público;Status do alarme de ruptura da membrana ;;;;;;;;;;;;;;;;SDp_MBR_$SPTR1$ST$MbrAlm$stVal;;
65da8a1094794b45b8a1602f053048f6;1;R;Bit;bin_table_rd_alarms ;Discrete input;1;Binary input;1;0;1;0;1;;;;0=Năo ativo\1=Ativo ;;;;;Público;Status da memória de alarme de ruptura da membrana ;;;;;;;;;;;;;;;;;;
;;;;;;;;;;;;;;;;;;;;;;;;;;;;;;;;;;;;;;;;
04abf175f316442c8ab73a6114941386;1;R;Bit;bin_table_rd_autodiag ;Discrete input;100;Binary input;2;0;1;0;1;;;;0=Năo ativo\1=Ativo ;;;;;Público;Status do autodiagnostico de perda de parametrizaçăo ;;;;;;;;;;;;;;;;;;
41fbb0df12f44e3f9903c5014870d2b3;1;R;Bit;bin_table_rd_autodiag ;Discrete input;101;Binary input;3;0;1;0;1;;;;0=Năo ativo\1=Ativo ;;;;;Público;Status da memória do autodiagnostico de perda de parametrizaçăo ;;;;;;;;;;;;;;;;;;
cc12f9b29d2b4e288a79fa681f655006;1;R;Bit;bin_table_rd_autodiag ;Discrete input;102;Binary input;4;0;1;0;1;;;;0=Năo ativo\1=Ativo ;;;;;Público;Status do autodiagnostico de erro de escrita na memória flash ;;;;;;;;;;;;;;;;;;
f52c3f2c500a43fdb577d2246f94f076;1;R;Bit;bin_table_rd_autodiag ;Discrete input;103;Binary input;5;0;1;0;1;;;;0=Năo ativo\1=Ativo ;;;;;Público;Status da memória do autodiagnostico de erro de escrita na memória flash ;;;;;;;;;;;;;;;;;;
2bc8899d78b84c19a5809b407db4f77e;1;R;Bit;bin_table_rd_autodiag ;Discrete input;104;Binary input;6;0;1;0;1;;;;0=Năo ativo\1=Ativo ;;;;;Público;Status do autodiagnostico de fio rompido ou desconectado do sensor da membrana ;;;;;;;;;;;;;;;;;;
1a629a9ca6504051a9459830c586ee48;1;R;Bit;bin_table_rd_autodiag ;Discrete input;105;Binary input;7;0;1;0;1;;;;0=Năo ativo\1=Ativo ;;;;;Público;Status da memória do autodiagnostico de fio rompido ou desconectado do sensor da membrana ;;;;;;;;;;;;;;;;;;
a1f3465610dc4662a5acb5db05e05c41;1;R;Bit;bin_table_rd_autodiag ;Discrete input;106;Binary input;8;0;1;0;1;;;;0=Năo ativo\1=Ativo ;;;;;Público;Status do autodiagnostico de erro no sensor de ruptura da membrana ;;;;;;;;;;;;;;;;SDp_MBR_$LPHD1$ST$SensErr$stVal;;
293f98907ed74e20a00f4ddb590ec3e4;1;R;Bit;bin_table_rd_autodiag ;Discrete input;107;Binary input;9;0;1;0;1;;;;0=Năo ativo\1=Ativo ;;;;;Público;Status da memória do autodiagnostico de erro no sensor de ruptura da membrana ;;;;;;;;;;;;;;;;;;
;;;;;;;;;;;;;;;;;;;;;;;;;;;;;;;;;;;;;;;;
0de74a4b264147e987f8a0fe4eb3fc8e;1;R;Bit;bin_table_rd_relay ;Discrete input;200;Binary input;10;0;1;0;1;;;;0=Aberto\1=Fechado;;;;;Público;Status do relé 1 ;;;;;;;;;;;;;;;;SDp_MBR_$GGIO1$ST$Rly1$stVal;;
59b9a16891a24baaa684c35d99469815;1;R;Bit;bin_table_rd_relay ;Discrete input;201;Binary input;11;0;1;0;1;;;;0=Aberto\1=Fechado;;;;;Público;Status do relé 2;;;;;;;;;;;;;;;;SDp_MBR_$GGIO1$ST$Rly2$stVal;;
81af46f3ff3b437b8148636e8a575572;1;R;Bit;bin_table_rd_relay ;Discrete input;202;Binary input;12;0;1;0;1;;;;0=Aberto\1=Fechado;;;;;Público;Status do relé 3;;;;;;;;;;;;;;;;SDp_MBR_$GGIO1$ST$Rly3$stVal;;
5695a25c4ae2401e8dfc07f828c4f326;1;R;Bit;bin_table_rd_relay ;Discrete input;203;Binary input;13;0;1;0;1;;;;0=Aberto\1=Fechado;;;;;Público;Status do relé 4;;;;;;;;;;;;;;;;SDp_MBR_$GGIO1$ST$Rly4$stVal;;
;;;;;;;;;;;;;;;;;;;;;;;;;;;;;;;;;;;;;;;;
f22013dfe333423191fedbab06e418cc;1;R;Bit;bin_table_rd_user_control_access ;Discrete input;29900;;;0;1;0;1;;;;0=Acesso bloqueado\1=Acesso liberado;;;;;Público;Indica se o acesso de usuário está liberado;;;;;;;;;;;;;;;;;;
;;;;;;;;;;;;;;;;;;;;;;;;;;;;;;;;;;;;;;;;
a8428facf9e64a05854e8c5627d24c93;1;R;Bit;bin_table_rd_factory_control_access ;Discrete input;30000;;;0;1;0;1;;;;0=Acesso bloqueado\1=Acesso liberado;;;;;Fábrica;Indica se o acesso de fábrica está liberado;;;;;;;;;;;;;;;;;;
;;;;;;;;;;;;;;;;;;;;;;;;;;;;;;;;;;;;;;;;
fe38f3e3ebf743138ee271365a01c704;1;R;Bit;bin_table_rd_log ;Discrete input;52000;;;0;1;0;1;;;;0=Năo\1=Sim ;;;;;Log de massa/Privado;Indicaçăo de log de massa cheio ;;;;;;;;;;;;;;;;;;
5865481999974129922822906f7e5b1c;1;R;Bit;bin_table_rd_log ;Discrete input;52001;;;0;1;0;1;;;;0=Năo\1=Sim ;;;;;Log de sanidade/Privado;Indicaçăo de log de sanidade cheio ;;;;;;;;;;;;;;;;;;
;;;;;;;;;;;;;;;;;;;;;;;;;;;;;;;;;;;;;;;;
95a1442d81ca4c159efc32bce008879e;0;RW;Bit;bin_table_wr_general ;Coil;0;Binary output;0;0;1;0;1;;;;0=Năo\1=Sim ;;;;;Público;Reinicia a memória de alarme ;;;;;;;;;;;;;;;;;;
1ef6f4017dee43738f1477fc931fc170;0;RW;Bit;bin_table_wr_general ;Coil;1;Binary output;1;0;1;0;1;;;;0=Năo\1=Sim ;;;;;Público;Reinicia a memória de autodiagnostico ;;;;;;;;;;;;;;;;;;
13da4cb4ee6e4f1d929a3528559acc10;0;RW;Bit;bin_table_wr_general ;Coil;2;Binary output;2;0;1;0;1;;;;0=Năo\1=Sim ;;;;;Público;Reinicia parâmetros do usuário para o default ;;;;;;;;;;;;;;;;;;
24b4417e265d49ee8066a609650a4d0e;0;RW;Bit;bin_table_wr_general ;Coil;3;Binary output;3;0;1;0;1;;;;0=Năo\1=Sim ;;;;;Público;Reinicia o log de massa ;;;MMEM\RST;;;;;;;;;;;;;;;
;;;;;;;;;;;;;;;;;;;;;;;;;;;;;;;;;;;;;;;;
faed1c170de849f4ad96c0e21598de44;1;RW;Bit;bin_table_wr_user_control_access ;Coil;29900;;;0;1;0;1;;;;0=Năo\1=Sim ;;;;;Público;Solicita acesso de usuário;;;;;;;;;;;;;;;;;;
;;;;;;;;;;;;;;;;;;;;;;;;;;;;;;;;;;;;;;;;
db709be7472b4ce489d573fd1ea24b28;1;RW;Bit;bin_table_wr_factory_control_access ;Coil;30000;;;0;1;0;1;;;;0=Năo\1=Sim ;;;;;Fábrica;Solicita acesso de fábrica;;;;;;;;;;;;;;;;;;
;;;;;;;;;;;;;;;;;;;;;;;;;;;;;;;;;;;;;;;;
ea5ed2fef51c4589991287a10852f043;0;RW;Bit;bin_table_wr_factory ;Coil;30100;;;0;1;0;1;;;;0=Năo\1=Sim ;;;;;Fábrica;Reinicia parâmetros de fábrica para o default;;;;;;;;;;;;;;;;;;
08aa4610609a4d41a1a9e78c65c08f0b;0;RW;Bit;bin_table_wr_factory ;Coil;30101;;;0;1;0;1;;;;0=Năo\1=Sim ;;;;;Fábrica;Apaga memória flash externa, exceto o bloco do bootloader e restaura todos os parâmetros para o default;;;;;;;;;;;;;;;;;;
f409c0ea5e6a4f7b887df6695f260b53;0;RW;Bit;bin_table_wr_factory ;Coil;30102;;;0;1;0;1;;;;0=Năo\1=Sim ;;;;;Fábrica;Reinicia o log de sanidade;;;;;;;;;;;;;;;;;;
d33d3556e5db42b0a04e14d66060c64c;0;RW;Bit;bin_table_wr_factory ;Coil;30103;;;0;1;0;1;;;;0=Năo\1=Sim ;;;;;Fábrica;Habilita o modo fábrica;;;;;;;;;;;;;;;;;;
;;;;;;;;;;;;;;;;;;;;;;;;;;;;;;;;;;;;;;;;
a50c82c8a0d349b483d823ea4fa73307;0;RW;Bit;bin_table_wr_clock_config ;Coil;45000;;;0;1;0;1;;;;0=Năo\1=Sim ;;;;;Público;Aplica configuraçăo do relógio ;;;CLK\APLY;;;;;;;;;;;;;;;
;;;;;;;;;;;;;;;;;;;;;;;;;;;;;;;;;;;;;;;;
0c832bc7887f4ee19eb183cff88c471a;0;RW;Bit;bin_table_wr_logs ;Coil;52000;;;0;1;0;1;;;;0=Năo\1=Sim ;;;;;Log de massa/Privado;Habilita o autoincremento do log de massa ;;;;;;;;;;;;;;;;;;
b6316bb4ef3342cbaff86ba959b15d03;0;RW;Bit;bin_table_wr_logs ;Coil;52001;;;0;1;0;1;;;;0=Năo\1=Sim ;;;;;Log de sanidade/Privado;Habilita o autoincremento do log de sanidade ;;;;;;;;;;;;;;;;;;
;;;;;;;;;;;;;;;;;;;;;;;;;;;;;;;;;;;;;;;;
941e2dd26d37469db01383f7466506a7;0;RW;Bit;bin_table_wr_change_bits;Coil;50000;;;0;1;0;1;;;;0=Tabelas năo alteradas\1=Tabelas alteradas;;;;;Uso interno;Bits Alteraçăo Discrete Input;;;;;;MASSA(500)!!!;;;;;;;;;;;;
41dd9af4a18a44c7b886ba16139d8a21;0;RW;Bit;bin_table_wr_change_bits;Coil;50500;;;0;1;0;1;;;;0=Tabelas năo alteradas\1=Tabelas alteradas;;;;;Uso interno;Bits Alteraçăo Coil;;;;;;MASSA(500)!!!;;;;;;;;;;;;
a3b2c8749ec849da8bf9cc32394ada6e;0;RW;Bit;bin_table_wr_change_bits;Coil;51000;;;0;1;0;1;;;;0=Tabelas năo alteradas\1=Tabelas alteradas;;;;;Uso interno;Bits Alteraçăo Read Input Registers;;;;;;MASSA(500)!!!;;;;;;;;;;;;
32ad0740a7ac4bff8cf0cd3597db4aa6;0;RW;Bit;bin_table_wr_change_bits;Coil;51500;;;0;1;0;1;;;;0=Tabelas năo alteradas\1=Tabelas alteradas;;;;;Uso interno;Bits Alteraçăo Holding Registers;;;;;;MASSA(500)!!!;;;;;;;;;;;;
;;;;;;;;;;;;;;;;;;;;;;;;;;;;;;;;;;;;;;;;
9db9030550974129b8102d4efcbdfa58;1;R;16;analog_table_rd_mbr_sensor ;Input register;0;Analog input;0;0;3;0;1;;;;0=Membrana sem ruptura\1=Ruptura da membrana\2=Nenhum sensor conectado ou cabo quebrado\3=Erro do sensor ou do MBR;;;;;Público;Estado do sensor de ruptura de membrana analógico ;;;;;;;;;;;;;;;;;;
80f154022ca841518335a4f959744225;1;R;16;analog_table_rd_mbr_sensor ;Input register;1;Analog input;1;0;65535;0;1;mV;;;;;;;;Público;Tensăo lida no sensor de ruptura de membrana analógico ;;;;;;;;;;;;;;;;;;
;;;;;;;;;;;;;;;;;;;;;;;;;;;;;;;;;;;;;;;;
cce6a7d21f0c499eb83efc06aa87e163;1;R;16;analog_table_rd_timestamp ;Input register;100;;;0;65535;0;1;ms;;;;;;;;Público;Timestamp (H);;;;;;;;;;;;;;;;;;
3a10b9429cb74cbaa5ec722442402973;1;R;16;analog_table_rd_timestamp ;Input register;101;;;0;65535;0;1;ms;;;;;;;;Público;Timestamp (M);;;;;;;;;;;;;;;;;;
1f80251d1bc14ede93188f1caa7b5ea8;1;R;16;analog_table_rd_timestamp ;Input register;102;;;0;65535;0;1;ms;;;;;;;;Público;Timestamp (L);;;;;;;;;;;;;;;;;;
;;;;;;;;;;;;;;;;;;;;;;;;;;;;;;;;;;;;;;;;
cd4b444251e6427591f65dda076b9397;1;R;16;analog_table_rd_user_control_access ;Input register;29900;;;0;9999;0;1;;;;;;;;;Público;Contra senha de usuário;;;;;;;;;;;;;;;;;;
63b564d155fe45eaa47f2fb3ac34af53;1;R;16;analog_table_rd_user_control_access ;Input register;29901;;;0;300;0;1;s;;;;;;;;Público;Tempo restante de acesso de usuário liberado;;;;;;;;;;;;;;;;;;
;;;;;;;;;;;;;;;;;;;;;;;;;;;;;;;;;;;;;;;;
aaf98dd7194644819691e096fe21a0fe;1;R;16;analog_table_rd_factory_control_access ;Input register;30000;;;0;9999;0;1;;;;;;;;;Fábrica;Senha aleatória para a geraçăo da contra senha de fábrica;;;;;;;;;;;;;;;;;;
ed15506ec8a44a1396946ea54756a832;1;R;16;analog_table_rd_factory_control_access ;Input register;30001;;;0;300;0;1;s;;;;;;;;Fábrica;Tempo restante de acesso de fábrica liberado;;;;;;;;;;;;;;;;;;
;;;;;;;;;;;;;;;;;;;;;;;;;;;;;;;;;;;;;;;;
04f998be9f4f4628b3aa7897a7b2760c;1;R;32_ABCD;analog_table_rd_hw_info ;Input register;45000;Analog input;2;0;9999999;0;1;;;;;;;;;Público;Número de série;;;;;;;;;;;;;;;;SDp_MBR_$LPHD1$MX$SerNum$mag$f \ SDp_MBR_$LPHD1$MX$SerNum$mag$i \ SDp_MBR_$LPHD1$MX$SerNum$instMag$f \ SDp_MBR_$LPHD1$MX$SerNum$instMag$i;;
965128aef0854cadb43f9f620a7b7c22;1;R;16;analog_table_rd_hw_info ;Input register;45002;Analog input;4;0;999;0;1;;;;;;;;;Público;Versăo de firmware ;;;;;;;;;;;;;;;;SDp_MBR_$LPHD1$MX$FirmVer$mag$f \ SDp_MBR_$LPHD1$MX$FirmVer$mag$i \ SDp_MBR_$LPHD1$MX$FirmVer$instMag$f \ SDp_MBR_$LPHD1$MX$FirmVer$instMag$i;;
93e468be58594d10a9c0f26abdafbeaa;1;R;16;analog_table_rd_hw_info ;Input register;45003;Analog input;5;0;999;0;1;;;;;;;;;Público;Release de firmware ;;;;;;;;;;;;;;;;SDp_MBR_$LPHD1$MX$FirmRel$mag$f \ SDp_MBR_$LPHD1$MX$FirmRel$mag$i \ SDp_MBR_$LPHD1$MX$FirmRel$instMag$f \ SDp_MBR_$LPHD1$MX$FirmRel$instMag$i;;
c5d08ec84a6a4b7daed221008ce9a187;1;R;16;analog_table_rd_hw_info ;Input register;45004;Analog input;6;0;999;0;1;;;;;;;;;Público;Versăo do bootloader ;;;;;;;;;;;;;;;;;;
49842cf7b04042768dbc0575b1ba2c21;1;R;16;analog_table_rd_hw_info ;Input register;45005;Analog input;7;0;999;0;1;;;;;;;;;Público;Release do bootloader ;;;;;;;;;;;;;;;;;;
e27ed71245ef439d8510753a6350e5ca;1;R;16;analog_table_rd_hw_info ;Input register;45006;Analog input;8;0;65535;0;1;;;;;;;;;Público;Código do equipamento ;;;;;;;;;;;;;;;;;;
6430ccf346c64a2a91ec39a1cd4c6664;1;R;16;analog_table_rd_hw_info ;Input register;45007;Analog input;9;0;65535;0;1;;;;;;;;;Público;Versăo do mapa ;;;;;;;;;;;;;;;;;;
;;;;;;;;;;;;;;;;;;;;;;;;;;;;;;;;;;;;;;;;
adc7277a60034060b2838f58003cef6f;1;R;16;analog_table_rd_clock ;Input register;45100;;;0;59;0;1;;;;;;;;;Público;Segundos ;;;;;;;;;;;;;;;;;;
3b766a60a80c4ceca113ce03cb722b4d;1;R;16;analog_table_rd_clock ;Input register;45101;;;0;59;0;1;;;;;;;;;Público;Minutos ;;;;;;;;;;;;;;;;;;
0b9405aee2864c26928b79b6f7186891;1;R;16;analog_table_rd_clock ;Input register;45102;;;0;23;0;1;;;;;;;;;Público;Horas ;;;;;;;;;;;;;;;;;;
db8ddf5d8e094b6687c784569be542f5;1;R;16;analog_table_rd_clock ;Input register;45103;;;1;31;1;1;;;;;;;;;Público;Dia;;;;;;;;;;;;;;;;;;
87cb73b4034448aabb883b40fb7af1d8;1;R;16;analog_table_rd_clock ;Input register;45104;;;1;12;1;1;;;;;;;;;Público;Męs;;;;;;;;;;;;;;;;;;
d676b728dcbd4685b690c6550a116dff;1;R;16;analog_table_rd_clock ;Input register;45105;;;2000;2099;2000;1;;;;;;;;;Público;Ano;;;;;;;;;;;;;;;;;;
215043748f8e4e3faf88fe743fdbfce1;1;R;16;analog_table_rd_clock ;Input register;45106;;;-12;12;-3;1;;;;;;;;;Público;Fuso horário ;;;;;;;;;;;;;;;;;;
;;;;;;;;;;;;;;;;;;;;;;;;;;;;;;;;;;;;;;;;
42fb42d94d4048949575906c160d5511;0;R;16;analog_table_rd_mass_memory_download;Input register;51100;;;0;65535;0;1;;;;;;;;;Log de massa/Privado ;Registradores para download da Memória de Massa ;;;;;;MASSA(112)!!!;;;;;;;;;;;;
;;;;;;;;;;;;;;;;;;;;;;;;;;;;;;;;;;;;;;;;
007d7f9d00844d4bbb10b30035040a39;0;R;16;analog_table_rd_log_sanity_download;Input register;51300;;;0;65535;0;1;;;;;;;;;Log de sanidade/Privado ;Registradores para download do Log de Sanidade ;;;;;;MASSA(125)!!!;;;;;;;;;;;;
;;;;;;;;;;;;;;;;;;;;;;;;;;;;;;;;;;;;;;;;
3b370a6d2b0448afb54929ad93102a26;1;R;16;analog_table_rd_log ;Input register;52000;;;0;9999;0;1;min;;;;;;;;Log de massa/Privado;Tempo atual de save periódico do log de massa ;;;;;;;;;;;;;;;;;;
94c5625f1f85495fbad58fc9612bf94a;1;R;16;analog_table_rd_log ;Input register;52001;;;16;16;16;1;;;;;;;;;Log de massa/Privado;Tamanho da página do log de massa ;;;;;;;;;;;;;;;;;;
f7ae66e1a82e4c439e1e2edcbc7938b5;1;R;32_ABCD;analog_table_rd_log ;Input register;52002;;;0;114048;0;1;;;;;;;;;Log de massa/Privado;Quantidade máxima de páginas do log de massa ;;;;;;;;;;;;;;;;;;
b764100af8aa412897c2b6f325a6d234;1;R;32_ABCD;analog_table_rd_log ;Input register;52004;;;0;114047;0;1;;;;;;;;;Log de massa/Privado;Índice da próxima página do log de massa a ser salva ;;;;;;;;;;;;;;;;;;
ab2cd98b3ec549c9bb99e0953bb9c86a;1;R;16;analog_table_rd_log ;Input register;52006;;;0;162;0;1;;;;;;;;;Log de sanidade/Privado;Índice da próxima página do log de sanidade a ser salva ;;;;;;;;;;;;;;;;;;
;;;;;;;;;;;;;;;;;;;;;;;;;;;;;;;;;;;;;;;;
4c137d6f0721431dabd95946af992d2c;1;R;16;analog_table_rd_debug ;Input register;53000;;;0;65535;0;1;;;;;;;;;Uso interno;Índice do último parâmetro com erro ;;;;;;;;;;;;;;;;;;
23ee79206e374cbdb02a4c94abb94297;1;R;32_ABCD;analog_table_rd_debug ;Input register;53001;;;0;4294967295;0;1;;;;;;;;;Uso interno;Hash do commit ;;;;;;;;;;;;;;;;;;
7f21569ac8b24c58b1848d0ed29252d8;1;R;16;analog_table_rd_debug ;Input register;53003;;;0;65535;0;1;;;;;;;;;Uso interno;Quantidade de escritas na memória flash externa ;;;;;;;;;;;;;;;;;;
ef35a91d8e514a64974b5d5905526e0b;1;R;16;analog_table_rd_debug ;Input register;53004;;;0;65535;0;1;;;;;;;;;Uso interno;Número de colisăo detectadas no barramento I2C ;;;;;;;;;;;;;;;;;;
a8ed18203619483ea331126d21293237;1;R;16;analog_table_rd_debug ;Input register;53005;;;0;65535;0;1;;;;;;;;;Uso interno;Quantidade de NACKs detectados ;;;;;;;;;;;;;;;;;;
;;;;;;;;;;;;;;;;;;;;;;;;;;;;;;;;;;;;;;;;
96d8531dc893416498c75ca20259c73b;1;RW;16;analog_table_wr_general ;Holding register;0;Analog output;0;1;9999;720;1;min;;;;;;;;Público;Configura o tempo de save periódico do log de massa ;;;MMEM\TMP;;;;;;;;;;;;;;;
e09705aa7a124613b94b1c3c6143322a;1;RW;16;analog_table_wr_general ;Holding register;1;;;0;9999;0;1;;;;;;;;;Público;Configura a senha de usuário;;;CONF\PSW;;;ALERTA(A senha atual é apenas exibida quando o controle de acesso de usuário está liberado)!!!;;;;;;;;;;;;
;;;;;;;;;;;;;;;;;;;;;;;;;;;;;;;;;;;;;;;;
598e59ae64c24eaaaafbac3ed31979c9;1;RW;16;analog_table_wr_uart ;Holding register;100;Analog output;2;0;5;1;1;bps;;;0=4800\1=9600\2=19200\3=38400\4=57600\5=115200;;;;;Público;BAUDRATE da UART 1 ;;;COMM\UAR1\BDR;;;;;;;;;;;;;;;
eef96c96121a434e9aead297fed70a65;1;RW;16;analog_table_wr_uart ;Holding register;101;Analog output;3;1;2;1;1;;;;1=Modbus\2=DNP3;;;;;Público;Protocolo associado a UART 1 ;;;COMM\UAR1\PROT;;;;;;;;;;;;;;;
0bf11a62bc6a4b1c8eaf1decdd2f90dc;0;RW;16;analog_table_wr_uart ;Holding register;102;Analog output;4;1;65519;201;1;;;;;;;;;Público;Endereço da UART 1 ;;;COMM\UAR1\ADDR;;;ALERTA(O limite máximo depende do protocolo selecionado. 247 para o Modbus e 65519 para o DNP3)!!!;;;;;;;;;;;;
f4c08af533b148cb9dd92395d6fe9fe8;1;RW;16;analog_table_wr_uart ;Holding register;103;Analog output;5;5;500;5;1;ms;;;;;;;;Público;Intervalo para detecçăo de fim de recepçăo da UART 1 ;;;COMM\UAR1\TXdl;;;;;;;;;;;;;;;
94fb03d7ded248bc93e911763e3f0d9d;1;RW;16;analog_table_wr_uart ;Holding register;104;Analog output;6;5;500;25;1;ms;;;;;;;;Público;Intervalo de delay antes da transmissăo da UART 1 ;;;COMM\UAR1\rxDL;;;;;;;;;;;;;;;
8a1519d1092c414f8261735da5b252a1;0;RW;16;analog_table_wr_uart ;Holding register;105;Analog output;7;0;65535;0;1;;;;;;;;;Público;Chave de confirmaçăo da UART 1;;;COMM\UAR1\KEY;;;;;;;;;;;;;;;
4e0d97e9eb62400d859b60692912a2d1;1;RW;16;analog_table_wr_uart ;Holding register;106;Analog output;8;0;5;1;1;bps;;;0=4800\1=9600\2=19200\3=38400\4=57600\5=115200;;;;;Público;BAUDRATE da UART 2 ;;;COMM\UAR2\BDR;;;;;;;;;;;;;;;
9a39dad4742f4de886cc3d67f08c1114;1;RW;16;analog_table_wr_uart ;Holding register;107;Analog output;9;1;2;1;1;;;;1=Modbus\2=DNP3;;;;;Público;Protocolo associado a UART 2 ;;;COMM\UAR2\PROT;;;;;;;;;;;;;;;
ca8949bd3bf84d5e996410e86dbdc800;0;RW;16;analog_table_wr_uart ;Holding register;108;Analog output;10;1;65519;202;1;;;;;;;;;Público;Endereço da UART 2 ;;;COMM\UAR2\ADDR;;;ALERTA(O limite máximo depende do protocolo selecionado. 247 para o Modbus e 65519 para o DNP3)!!!;;;;;;;;;;;;
0a64a6caad7e4b66a6a6ad80c1e1eade;1;RW;16;analog_table_wr_uart ;Holding register;109;Analog output;11;5;500;5;1;ms;;;;;;;;Público;Intervalo para detecçăo de fim de recepçăo da UART 2;;;COMM\UAR2\TXdl;;;;;;;;;;;;;;;
d2f8c3a8e117459dbada738891bd2fcc;1;RW;16;analog_table_wr_uart ;Holding register;110;Analog output;12;5;500;25;1;ms;;;;;;;;Público;Intervalo de delay antes da transmissăo da UART 2 ;;;COMM\UAR2\rxDL;;;;;;;;;;;;;;;
081cf5fe619c438bbe33d4cfd7ed04b5;0;RW;16;analog_table_wr_uart ;Holding register;111;Analog output;13;0;65535;0;1;;;;;;;;;Público;Chave de confirmaçăo da UART 2;;;COMM\UAR2\KEY;;;;;;;;;;;;;;;
;;;;;;;;;;;;;;;;;;;;;;;;;;;;;;;;;;;;;;;;
47b23e9c0d0e44dfa04997b32bfbe591;1;RW;16;analog_table_wr_user_control_access ;Holding register;29900;;;0;9999;0;1;;;;;;;;;Público;Entrada da senha de usuário;;;PSW;;;;;;;;;;;;;;;
;;;;;;;;;;;;;;;;;;;;;;;;;;;;;;;;;;;;;;;;
23927a06b87d4627b731bc78344223de;1;RW;16;analog_table_wr_factory_control_access ;Holding register;30000;;;0;9999;0;1;;;;;;;;;Fábrica;Entrada da senha de fábrica;;;;;;;;;;;;;;;;;;
;;;;;;;;;;;;;;;;;;;;;;;;;;;;;;;;;;;;;;;;
ecfb65ac6fee40eab958a5616d8acf48;1;RW;32_ABCD;analog_table_wr_serial_number_32bits ;Holding register;30100;;;0;9999999;0;1;;;;;;;;;Fábrica;Número de série;;;;;;;;;;;;;;;;;;
;;;;;;;;;;;;;;;;;;;;;;;;;;;;;;;;;;;;;;;;
2b710dc6577f4a72bfcb473bdebf3f42;1;RW;16;analog_table_wr_hw_config ;Holding register;45000;;;0;65535;0;1;;;;;;;;;Uso interno;Registrador de controle 1 ;;;;;;;;;;;;;;;;;;
21a761e9b8aa4f5aafb8a7a02ba32538;1;RW;16;analog_table_wr_hw_config ;Holding register;45001;;;0;65535;0;1;;;;;;;;;Uso interno;Registrador de controle 2 ;;;;;;;;;;;;;;;;;;
d372c26c3a1b48258ab3044af9ab525f;1;RW;16;analog_table_wr_hw_config ;Holding register;45002;;;0;5299;0;1;;;;;;;;;Uso interno;Revisăo da placa do MBR v2 ;;;;;;;;;;;;;;;;;;
;;;;;;;;;;;;;;;;;;;;;;;;;;;;;;;;;;;;;;;;
511e88512dbf4fcb9e2a958190278b44;0;RW;16;analog_table_wr_hw_uart ;Holding register;45100;;;0;5;1;1;bps;;;0=4800\1=9600\2=19200\3=38400\4=57600\5=115200;;;;;Uso interno;BAUDRATE da UART 1 ;;;;;;;;;;;;;;;;;;
cfa2b41e7ef9423ba6ebef3ce453764b;0;RW;16;analog_table_wr_hw_uart ;Holding register;45101;;;1;2;1;1;;;;1=Modbus\2=DNP3;;;;;Uso interno;Protocolo associado a UART 1 ;;;;;;;;;;;;;;;;;;
d1e3454509bc42799f9e48345677e571;0;RW;16;analog_table_wr_hw_uart ;Holding register;45102;;;1;65519;201;1;;;;;;;;;Uso interno;Endereço da UART 1 ;;;;;;ALERTA(O limite máximo depende do protocolo selecionado. 247 para o Modbus e 65519 para o DNP3)!!!;;;;;;;;;;;;
a35334adf3b44d21a60ed103b87dcc13;0;RW;16;analog_table_wr_hw_uart ;Holding register;45103;;;5;500;5;1;ms;;;;;;;;Uso interno;Intervalo para detecçăo de fim de recepçăo da UART 1 ;;;;;;;;;;;;;;;;;;
1c1adf7c92e248a79acda4f056d99a9f;0;RW;16;analog_table_wr_hw_uart ;Holding register;45104;;;5;500;25;1;ms;;;;;;;;Uso interno;Intervalo de delay antes da transmissăo da UART 1 ;;;;;;;;;;;;;;;;;;
6076deffe5e84f4fb6ed605601b9eab3;0;RW;16;analog_table_wr_hw_uart ;Holding register;45105;;;0;5;1;1;bps;;;0=4800\1=9600\2=19200\3=38400\4=57600\5=115200;;;;;Uso interno;BAUDRATE da UART 2 ;;;;;;;;;;;;;;;;;;
d90dd5c1b6fc4fa1aad8e760184869c2;0;RW;16;analog_table_wr_hw_uart ;Holding register;45106;;;1;2;1;1;;;;1=Modbus\2=DNP3;;;;;Uso interno;Protocolo associado a UART 2 ;;;;;;;;;;;;;;;;;;
466adde822b148ed9657d66c09a0cfe5;0;RW;16;analog_table_wr_hw_uart ;Holding register;45107;;;1;65519;202;1;;;;;;;;;Uso interno;Endereço da UART 2 ;;;;;;ALERTA(O limite máximo depende do protocolo selecionado. 247 para o Modbus e 65519 para o DNP3)!!!;;;;;;;;;;;;
2ec01aeb0d4f46f88dbf2783dcb200ab;0;RW;16;analog_table_wr_hw_uart ;Holding register;45108;;;5;500;5;1;ms;;;;;;;;Uso interno;Intervalo para detecçăo de fim de recepçăo da UART 2;;;;;;;;;;;;;;;;;;
cb1d6588c617414f9b41259847e62356;0;RW;16;analog_table_wr_hw_uart ;Holding register;45109;;;5;500;25;1;ms;;;;;;;;Uso interno;Intervalo de delay antes da transmissăo da UART 2 ;;;;;;;;;;;;;;;;;;
;;;;;;;;;;;;;;;;;;;;;;;;;;;;;;;;;;;;;;;;
a691d146c69841399c8568c46a19f19c;1;RW;16;analog_table_wr_clock ;Holding register;45200;;;0;59;0;1;;;;;;;;;Público;Segundos ;;;;;;;;;;;;;;;;;;
8e5bc2536c2945b994555b2af2637c38;1;RW;16;analog_table_wr_clock ;Holding register;45201;;;0;59;0;1;;;;;;;;;Público;Minutos ;;;;;;;;;;;;;;;;;;
c09704ca94884230b016a76fccc94d1c;1;RW;16;analog_table_wr_clock ;Holding register;45202;;;0;23;0;1;;;;;;;;;Público;Horas ;;;;;;;;;;;;;;;;;;
e429d5fda8574cca8e4db001c4f5f60f;1;RW;16;analog_table_wr_clock ;Holding register;45203;;;1;31;1;1;;;;;;;;;Público;Dia;;;;;;;;;;;;;;;;;;
c2bf9a3e070d4496b88b0dd5e26c854d;1;RW;16;analog_table_wr_clock ;Holding register;45204;;;1;12;1;1;;;;;;;;;Público;Męs;;;;;;;;;;;;;;;;;;
2f7c330f10b44bb69d632cdfdc33202d;1;RW;16;analog_table_wr_clock ;Holding register;45205;;;2000;2099;2000;1;;;;;;;;;Público;Ano;;;;;;;;;;;;;;;;;;
beccf266c63d4d06bd9e635ebbd45fb5;1;RW;16;analog_table_wr_clock ;Holding register;45206;Analog output;1;-12;12;-3;1;;;;;;;;;Público;Fuso horário ;;;;;;;;;;;;;;;;;;
;;;;;;;;;;;;;;;;;;;;;;;;;;;;;;;;;;;;;;;;
dc26d25476464afdb8884e113d0ea24b;1;RW;16;analog_table_wr_log ;Holding register;52000;;;0;162;0;1;;;;;;;;;Log de sanidade/Privado;Índice de download do log de sanidade ;;;;;;;;;;;;;;;;;;
;;;;;;;;;;;;;;;;;;;;;;;;;;;;;;;;;;;;;;;;
fa91b57163e746ac952858db6b2e66e3;1;RW;32_ABCD;analog_table_wr_log_32bits ;Holding register;52100;;;0;114047;0;1;;;;;;;;;Log de massa/Privado;Índice de download do log de massa ;;;;;;;;;;;;;;;;;;
